<?xml version="1.0" encoding="UTF-8"?>
<project-private xmlns="http://www.netbeans.org/ns/project-private/1">
    <editor-bookmarks xmlns="http://www.netbeans.org/ns/editor-bookmarks/2" lastBookmarkId="0"/>
    <open-files xmlns="http://www.netbeans.org/ns/projectui-open-files/2">
        <group>
            <file>file:/C:/Users/User/Downloads/Compressed/oop-20221111T033737Z-001/oop/src/oop/model/Biodata.java</file>
            <file>file:/C:/Users/User/Downloads/Compressed/oop-20221111T033737Z-001/oop/src/oop/views/BiodataFrame.java</file>
            <file>file:/C:/Users/User/Downloads/Compressed/oop-20221111T033737Z-001/oop/src/oop/Oop.java</file>
            <file>file:/C:/Users/User/Downloads/Compressed/oop-20221111T033737Z-001/oop/src/oop/views/PreviewDialog.java</file>
        </group>
    </open-files>
</project-private>
